{
  "parent": "minecraft:item/generated",
  "textures": {
    "layer0": "minecraft:item/turtle_scute"
  },
  "overrides": [
    {
      "predicate": {
        "custom_model_data": 1
      },
      "model": "minecraft:item/empty_slot"
    },
    {
      "predicate": {
        "custom_model_data": 2
      },
      "model": "minecraft:item/canvas_1"
    },
    {
      "predicate": {
        "custom_model_data": 3
      },
      "model": "minecraft:item/canvas_2"
    },
    {
      "predicate": {
        "custom_model_data": 4
      },
      "model": "minecraft:item/bust"
    }
  ]
}